rep,delta_target,w_B,rho,c_A,c_B,n_A,n_B,n_pos_mix,n_s_mix,auc_mix,auc_A,auc_B,bayes_A,bayes_B,delta_realized,gain,cx_min,cx_max,cx_ratio,comp_q1,comp_q5,comp_gap
0,0.0,0.631578947368421,0.8,0.99,0.99,190,293,483,481,0.8984776145338649,0.901646639964397,0.8703246778055116,0.9079999999999299,0.9080000000001497,0.031321962158885386,0.003169025430532102,0.9935691318327974,1.0,1.0064724919093853,0.0,0.41479099678456594,0.41479099678456594
1,0.0,0.631578947368421,0.8,0.99,0.99,197,226,423,420,0.8705339221196304,0.897955946337926,0.8161405362567693,0.9080000000013018,0.9080000000003288,0.08181541008115667,0.027422024218295538,0.9761904761904762,1.0,1.024390243902439,0.3333333333333333,0.5430711610486891,0.20973782771535582
2,0.0,0.631578947368421,0.8,0.99,0.99,209,263,472,469,0.8758129555354294,0.8747390755328013,0.8121788436447333,0.9079999999991359,0.9080000000005476,0.06256023188806803,-0.0010738800026280915,0.9897610921501706,1.0,1.010344827586207,0.6,0.4641638225255973,-0.1358361774744027
3,0.0,0.631578947368421,0.8,0.99,0.99,189,229,418,413,0.8850240893331534,0.8927206311547948,0.8387008733624454,0.907999999999561,0.9079999999995756,0.054019757792349465,0.007696541821641478,0.9818840579710145,1.0,1.018450184501845,0.0,0.4927536231884058,0.4927536231884058
4,0.0,0.631578947368421,0.8,0.99,0.99,198,253,451,448,0.8758370679010279,0.8905152462544156,0.8459801068496721,0.9080000000001648,0.9080000000003238,0.04453513940474352,0.014678178353387694,0.9910714285714286,1.0,1.009009009009009,0.2,0.4551971326164875,0.25519713261648747
5,0.0,0.631578947368421,0.8,0.99,0.99,203,252,455,450,0.8910047570996109,0.8945054266574347,0.8343376557335367,0.90799999999946,0.9079999999990777,0.06016777092389802,0.003500669557823799,0.9629629629629629,1.0,1.0384615384615385,0.375,0.5063694267515924,0.13136942675159236
6,0.0,0.631578947368421,0.8,0.99,0.99,200,278,478,477,0.8650462087863972,0.863102369244524,0.8479062049110133,0.9079999999995513,0.9079999999997868,0.015196164333510676,-0.0019438395418731602,0.991869918699187,1.0,1.0081967213114755,1.0,0.4664310954063604,-0.5335689045936396
7,0.0,0.631578947368421,0.8,0.99,0.99,185,281,466,462,0.8925263967006574,0.8781575536460083,0.8566443724044132,0.9080000000005176,0.9079999999997783,0.02151318124159518,-0.014368843054649028,0.8333333333333334,1.0,1.2,0.6666666666666666,0.4414715719063545,-0.22519509476031213
8,0.0,0.631578947368421,0.8,0.99,0.99,180,269,449,447,0.8791837887010259,0.8892827253482991,0.8477774043539692,0.9080000000003132,0.9079999999999728,0.04150532099432991,0.010098936647273238,0.9930313588850174,1.0,1.0070175438596491,0.5,0.4181184668989547,-0.08188153310104529
9,0.0,0.631578947368421,0.8,0.99,0.99,203,235,438,433,0.869930398989449,0.8483358397537387,0.8232283997139931,0.9079999999997266,0.907999999999689,0.025107440039745632,-0.021594559235710298,0.8333333333333334,1.0,1.2,0.8333333333333334,0.5,-0.33333333333333337
10,0.0,0.631578947368421,0.8,0.99,0.99,185,254,439,434,0.8834700303948596,0.8692813595122655,0.872518855436245,0.9079999999992925,0.9079999999997833,-0.003237495923979483,-0.014188670882594123,0.985663082437276,1.0,1.0145454545454546,0.6666666666666666,0.4050179211469534,-0.26164874551971323
11,0.0,0.631578947368421,0.8,0.99,0.99,194,275,469,467,0.8626174441381941,0.8807492726512265,0.8250828357581363,0.9079999999992758,0.9080000000004071,0.05566643689309014,0.01813182851303241,0.98,1.0,1.0204081632653061,0.5,0.4492753623188406,-0.050724637681159424
12,0.0,0.631578947368421,0.8,0.99,0.99,194,215,409,405,0.8805150870695352,0.8656346663847664,0.8441923262093651,0.9079999999992828,0.9080000000008832,0.021442340175401253,-0.014880420684768803,0.9880952380952381,1.0,1.0120481927710843,0.8,0.5149253731343284,-0.28507462686567164
13,0.0,0.631578947368421,0.8,0.99,0.99,197,236,433,430,0.8580310510618486,0.8901400471356056,0.8152284400773145,0.9079999999998561,0.9079999999995512,0.07491160705829103,0.032108996073756946,0.9903846153846154,1.0,1.0097087378640777,,0.5307692307692308,
14,0.0,0.631578947368421,0.8,0.99,0.99,197,242,439,435,0.8758450933849566,0.885650833937636,0.8373952822907058,0.9079999999994776,0.9080000000005413,0.048255551646930184,0.009805740552679354,0.9854545454545455,1.0,1.014760147601476,0.3333333333333333,0.4727272727272727,0.1393939393939394
15,0.0,0.631578947368421,0.8,0.99,0.99,200,237,437,431,0.8733077803203662,0.8716629414394278,0.816066359800537,0.9080000000000417,0.9079999999992077,0.05559658163889081,-0.0016448388809383596,0.6666666666666666,1.0,1.5,0.6666666666666666,0.4767025089605735,-0.18996415770609315
16,0.0,0.631578947368421,0.8,0.99,0.99,191,267,458,450,0.8814230644474405,0.9049735888816884,0.812185229292877,0.9079999999993597,0.9079999999993464,0.09278835958881149,0.023550524434247988,0.9731543624161074,1.0,1.0275862068965518,0.42857142857142855,0.4899328859060403,0.061361457334611735
17,0.0,0.631578947368421,0.8,0.99,0.99,216,221,437,434,0.88079176201373,0.8711457968549369,0.8344516229152034,0.9079999999996365,0.9079999999993595,0.03669417393973351,-0.009645965158793124,0.9722222222222222,1.0,1.0285714285714287,0.0,0.5143884892086331,0.5143884892086331
18,0.0,0.631578947368421,0.8,0.99,0.99,209,237,446,439,0.8650305297606043,0.8753489730528379,0.8184234752589183,0.9080000000007684,0.9080000000000131,0.05692549779391953,0.010318443292233526,0.8333333333333334,0.992619926199262,1.1911439114391142,0.6666666666666666,0.5202952029520295,-0.14637146371463716
19,0.0,0.631578947368421,0.8,0.99,0.99,191,243,434,429,0.8553954782112545,0.8505522324737871,0.8547310097497477,0.9080000000004745,0.907999999999963,-0.00417877727596061,-0.0048432457374674165,0.9841897233201581,1.0,1.0160642570281124,1.0,0.43478260869565216,-0.5652173913043479
20,0.0,0.631578947368421,0.8,0.99,0.99,203,258,461,457,0.8682201603625281,0.8921592407530727,0.8031491581018246,0.9079999999998685,0.9079999999997554,0.0890100826512481,0.023939080390544598,0.9889705882352942,1.0,1.0111524163568772,0.0,0.5183823529411765,0.5183823529411765
21,0.0,0.631578947368421,0.8,0.99,0.99,201,239,440,435,0.9022328947967406,0.9070145693713899,0.8530939119244958,0.9079999999989321,0.9080000000008958,0.053920657446894116,0.004781674574649286,0.9722222222222222,1.0,1.0285714285714287,0.0,0.5214521452145214,0.5214521452145214
22,0.0,0.631578947368421,0.8,0.99,0.99,200,268,468,457,0.8722365468175524,0.861665176575771,0.8308836178719128,0.9080000000008167,0.9079999999998927,0.030781558703858236,-0.010571370241781342,0.9411764705882353,1.0,1.0625,0.6,0.4463667820069204,-0.15363321799307955
23,0.0,0.631578947368421,0.8,0.99,0.99,224,228,452,446,0.8713715699605449,0.8846043670518365,0.8094954452677642,0.9080000000010597,0.9080000000005007,0.07510892178407236,0.01323279709129166,0.9798657718120806,1.0,1.0205479452054793,0.3333333333333333,0.5536912751677853,0.22035794183445195
24,0.0,0.631578947368421,0.8,0.99,0.99,202,242,444,439,0.8683816782160987,0.8855494274259641,0.8227978689357855,0.9080000000011439,0.9079999999995954,0.06275155849017855,0.017167749209865413,0.97,1.0,1.0309278350515465,0.125,0.48226950354609927,0.35726950354609927
25,0.0,0.631578947368421,0.8,0.99,0.99,223,220,443,439,0.884235098070736,0.8855064185918392,0.8440747119366877,0.9079999999989918,0.907999999999655,0.0414317066551515,0.0012713205211032363,0.989010989010989,1.0,1.011111111111111,0.75,0.5506756756756757,-0.19932432432432434
26,0.0,0.631578947368421,0.8,0.99,0.99,206,244,450,450,0.8725225074092713,0.846753382391979,0.8608033758680751,0.9080000000002899,0.9079999999998162,-0.014049993476096145,-0.025769125017292338,1.0,1.0,1.0,0.5,0.45955882352941174,-0.04044117647058826
27,0.0,0.631578947368421,0.8,0.99,0.99,200,248,448,443,0.8861135800474035,0.8726665176575771,0.8406346247365861,0.9080000000002156,0.907999999999723,0.032031892920990956,-0.013447062389826403,0.75,1.0,1.3333333333333333,0.25,0.46779661016949153,0.21779661016949153
28,0.0,0.631578947368421,0.8,0.99,0.99,203,255,458,449,0.874268244515006,0.8554449594489111,0.8467407127837386,0.9080000000004,0.9079999999994647,0.008704246665172444,-0.018823285066094875,0.9753521126760564,1.0,1.0252707581227436,1.0,0.4507042253521127,-0.5492957746478873
29,0.0,0.631578947368421,0.8,0.99,0.99,188,261,449,446,0.8939752098336118,0.8970298856229246,0.8541825135226503,0.9079999999987208,0.9080000000007246,0.04284737210027434,0.003054675789312844,0.9906542056074766,1.0,1.009433962264151,0.0,0.468013468013468,0.468013468013468
0,0.0,0.631578947368421,0.8,0.99,0.458,190,293,483,332,0.8899046601863567,0.901646639964397,0.8405567087769344,0.9079999999999299,0.9080000000001497,0.06108993118746253,0.011741979778040257,0.5833333333333334,1.0,1.7142857142857142,0.0,0.4642857142857143,0.4642857142857143
1,0.0,0.631578947368421,0.8,0.99,0.458,197,226,423,299,0.8621704803960926,0.897955946337926,0.7984114023606825,0.9080000000013018,0.9080000000003288,0.09954454397724344,0.035785465941833405,0.4,0.7450980392156863,1.8627450980392157,0.2,0.5803921568627451,0.38039215686274513
2,0.0,0.631578947368421,0.8,0.99,0.458,209,263,472,326,0.8697804804416268,0.8747390755328013,0.7832454762645996,0.9079999999991359,0.9080000000005476,0.09149359926820166,0.004958595091174467,0.5813953488372093,0.75,1.29,0.25,0.4858156028368794,0.2358156028368794
3,0.0,0.631578947368421,0.8,0.99,0.458,189,229,418,276,0.8737365837936732,0.8927206311547948,0.8240400132902981,0.907999999999561,0.9079999999995756,0.06868061786449675,0.01898404736112158,0.2,0.7175572519083969,3.5877862595419843,0.3333333333333333,0.5267175572519084,0.19338422391857507
4,0.0,0.631578947368421,0.8,0.99,0.458,198,253,451,309,0.8677471792570165,0.8905152462544156,0.8114403712229801,0.9080000000001648,0.9080000000003238,0.07907487503143551,0.022768066997399083,0.25,0.7153024911032029,2.8612099644128115,0.0,0.5088967971530249,0.5088967971530249
5,0.0,0.631578947368421,0.8,0.99,0.458,203,252,455,324,0.8871247823820982,0.8945054266574347,0.815424430641822,0.90799999999946,0.9079999999990777,0.07908099601561269,0.007380644275336468,0.5,0.7845659163987139,1.5691318327974277,0.14285714285714285,0.5112540192926045,0.36839687643546165
6,0.0,0.631578947368421,0.8,0.99,0.458,200,278,478,345,0.8539836523202642,0.863102369244524,0.8290258946154794,0.9079999999995513,0.9079999999997868,0.03407647462904462,0.009118716924259807,0.6481481481481481,0.7916666666666666,1.2214285714285713,,0.4963768115942029,
7,0.0,0.631578947368421,0.8,0.99,0.458,185,281,466,295,0.8769170134329757,0.8781575536460083,0.8313157356116178,0.9080000000005176,0.9079999999997783,0.04684181803439058,0.0012405402130326593,0.43636363636363634,0.6891891891891891,1.5793918918918919,0.6,0.47297297297297297,-0.127027027027027
8,0.0,0.631578947368421,0.8,0.99,0.458,180,269,449,302,0.8633067895121285,0.8892827253482991,0.8064908297781863,0.9080000000003132,0.9079999999999728,0.0827918955701128,0.02597593583617064,0.5,0.6970802919708029,1.3941605839416058,0.0,0.45985401459854014,0.45985401459854014
9,0.0,0.631578947368421,0.8,0.99,0.458,203,235,438,299,0.864256329077781,0.8483358397537387,0.7911917599087869,0.9079999999997266,0.907999999999689,0.057144079844951845,-0.01592048932404233,0.6346153846153846,0.8205128205128205,1.292929292929293,0.8571428571428571,0.5055350553505535,-0.35160780179230355
10,0.0,0.631578947368421,0.8,0.99,0.458,185,254,439,303,0.8670743636575072,0.8692813595122655,0.8618422239134904,0.9079999999992925,0.9079999999997833,0.007439135598775071,0.0022069958547582536,0.5227272727272727,0.7290076335877863,1.3946232990375043,0.0,0.46564885496183206,0.46564885496183206
11,0.0,0.631578947368421,0.8,0.99,0.458,194,275,469,315,0.842918465165462,0.8807492726512265,0.7894828021192498,0.9079999999992758,0.9080000000004071,0.09126647053197667,0.037830807485764506,0.5094339622641509,0.7564575645756457,1.4848981823151564,0.125,0.5092250922509225,0.3842250922509225
12,0.0,0.631578947368421,0.8,0.99,0.458,194,215,409,303,0.8746256564575166,0.8656346663847664,0.8198773365708665,0.9079999999992828,0.9080000000008832,0.045757329813899905,-0.008990990072750171,0.65625,0.8,1.2190476190476192,0.6,0.5166051660516605,-0.08339483394833946
13,0.0,0.631578947368421,0.8,0.99,0.458,197,236,433,301,0.8371651615936717,0.8901400471356056,0.7868572836692104,0.9079999999998561,0.9079999999995512,0.1032827634663952,0.05297488554193386,0.4782608695652174,0.751004016064257,1.570281124497992,0.0,0.5783132530120482,0.5783132530120482
14,0.0,0.631578947368421,0.8,0.99,0.458,197,242,439,317,0.8679225922961687,0.885650833937636,0.816301135187033,0.9079999999994776,0.9080000000005413,0.06934969875060304,0.017728241641467246,0.6136363636363636,0.8333333333333334,1.3580246913580247,0.125,0.5037593984962406,0.37875939849624063
15,0.0,0.631578947368421,0.8,0.99,0.458,200,237,437,288,0.8689336384439359,0.8716629414394278,0.7779344073647871,0.9080000000000417,0.9079999999992077,0.09372853407464066,0.0027293029954919,0.47058823529411764,0.7052238805970149,1.4986007462686568,0.6666666666666666,0.5373134328358209,-0.12935323383084574
16,0.0,0.631578947368421,0.8,0.99,0.458,191,267,458,303,0.8749224940477636,0.9049735888816884,0.7934776230173113,0.9079999999993597,0.9079999999993464,0.11149596586437716,0.030051094833924874,0.42857142857142855,0.7142857142857143,1.6666666666666667,0.14285714285714285,0.5068027210884354,0.36394557823129253
17,0.0,0.631578947368421,0.8,0.99,0.458,216,221,437,320,0.8807917620137301,0.8711457968549369,0.8268168972670991,0.9079999999996365,0.9079999999993595,0.04432889958783781,-0.009645965158793235,0.6448598130841121,0.7697841726618705,1.1937232822437702,0.3333333333333333,0.5539568345323741,0.22062350119904078
18,0.0,0.631578947368421,0.8,0.99,0.458,209,237,446,321,0.8527938503534965,0.8753489730528379,0.7979209819716148,0.9080000000007684,0.9080000000000131,0.07742799108122311,0.022555122699341346,0.5909090909090909,0.7509157509157509,1.2707805015497322,0.2857142857142857,0.5384615384615384,0.25274725274725274
19,0.0,0.631578947368421,0.8,0.99,0.458,191,243,434,306,0.8501291841040282,0.8505522324737871,0.822171203919406,0.9080000000004745,0.907999999999963,0.02838102855438107,0.0004230483697589271,0.5,0.7392996108949417,1.4785992217898833,0.6666666666666666,0.48638132295719844,-0.1802853437094682
20,0.0,0.631578947368421,0.8,0.99,0.458,203,258,461,332,0.853193857746318,0.8921592407530727,0.7789292435545785,0.9079999999998685,0.9079999999997554,0.11322999719849425,0.038965383006754784,0.5619834710743802,0.8143939393939394,1.4491421568627452,0.25,0.5492424242424242,0.2992424242424242
21,0.0,0.631578947368421,0.8,0.99,0.458,201,239,440,313,0.8949276187007785,0.9070145693713899,0.8415143473907432,0.9079999999989321,0.9080000000008958,0.06550022198064676,0.012086950670611385,0.45,1.0,2.2222222222222223,0.0,0.53156146179402,0.53156146179402
22,0.0,0.631578947368421,0.8,0.99,0.458,200,268,468,314,0.8602082275266634,0.861665176575771,0.810838614672144,0.9080000000008167,0.9079999999998927,0.050826561903627,0.0014569490491076476,0.5238095238095238,0.7083333333333334,1.3522727272727273,0.16666666666666666,0.4756944444444444,0.3090277777777778
23,0.0,0.631578947368421,0.8,0.99,0.458,224,228,452,332,0.8709814761151111,0.8846043670518365,0.798436221835712,0.9080000000010597,0.9080000000005007,0.08616814521612459,0.013622890936725418,0.5,0.7627118644067796,1.5254237288135593,0.5,0.5661016949152542,0.0661016949152542
24,0.0,0.631578947368421,0.8,0.99,0.458,202,242,444,297,0.8606971246208576,0.8855494274259641,0.8140157005967733,0.9080000000011439,0.9079999999995954,0.07153372682919079,0.02485230280510653,0.43478260869565216,0.7142857142857143,1.642857142857143,0.2727272727272727,0.5321428571428571,0.25941558441558443
25,0.0,0.631578947368421,0.8,0.99,0.458,223,220,443,316,0.8689488329548464,0.8855064185918392,0.8145425841636937,0.9079999999989918,0.907999999999655,0.07096383442814547,0.016557585636992833,0.475,1.0,2.1052631578947367,0.75,0.5884476534296029,-0.16155234657039708
26,0.0,0.631578947368421,0.8,0.99,0.458,206,244,450,319,0.8588771458927473,0.846753382391979,0.8471216164696913,0.9080000000002899,0.9079999999998162,-0.0003682340777123594,-0.01212376350076838,0.648,0.9047619047619048,1.3962375073486184,0.3333333333333333,0.5057471264367817,0.17241379310344834
27,0.0,0.631578947368421,0.8,0.99,0.458,200,248,448,324,0.8785350678733032,0.8726665176575771,0.8287994223315994,0.9080000000002156,0.907999999999723,0.043867095325977656,-0.005868550215726076,0.5,0.7429577464788732,1.4859154929577465,0.0,0.4964788732394366,0.4964788732394366
28,0.0,0.631578947368421,0.8,0.99,0.458,203,255,458,311,0.8703361275930016,0.8554449594489111,0.8149961359429199,0.9080000000004,0.9079999999994647,0.040448823505991216,-0.014891168144090527,0.6339285714285714,1.0,1.5774647887323945,1.0,0.46785714285714286,-0.5321428571428571
29,0.0,0.631578947368421,0.8,0.99,0.458,188,261,449,312,0.876263146809588,0.8970298856229246,0.8291920216362406,0.9079999999987208,0.9080000000007246,0.06783786398668401,0.020766738813336683,0.4883720930232558,1.0,2.047619047619048,0.0,0.513986013986014,0.513986013986014
0,0.20399999999999996,0.631578947368421,0.8,0.99,0.99,190,297,487,484,0.7786121202548306,0.901646639964397,0.6679536801032128,0.9079999999999299,0.7040000000023171,0.2336929598611842,0.12303451970956636,0.9914529914529915,1.0,1.0086206896551724,0.0,0.6068376068376068,0.6068376068376068
1,0.20399999999999996,0.631578947368421,0.8,0.99,0.99,197,264,461,456,0.7553066296644331,0.897955946337926,0.6029909076963841,0.9080000000013018,0.7040000000007919,0.2949650386415419,0.1426493166734929,0.9719626168224299,1.0,1.0288461538461537,0.034482758620689655,0.6820276497695853,0.6475448911488957
2,0.20399999999999996,0.631578947368421,0.8,0.99,0.99,209,282,491,490,0.7753017835949455,0.8747390755328013,0.6475407678004311,0.9079999999991359,0.7040000000032833,0.22719830773237015,0.09943729193785578,0.9956331877729258,1.0,1.0043859649122806,0.1111111111111111,0.6069868995633187,0.49587578845220764
3,0.20399999999999996,0.631578947368421,0.8,0.99,0.99,189,259,448,443,0.7570521798462975,0.8927206311547948,0.6051760142669234,0.907999999999561,0.7039999999977746,0.2875446168878715,0.13566845130849736,0.9819004524886877,1.0,1.0184331797235024,0.0,0.6334841628959276,0.6334841628959276
4,0.20399999999999996,0.631578947368421,0.8,0.99,0.99,198,290,488,486,0.7174559883588892,0.8905152462544156,0.5942566211072386,0.9080000000001648,0.7040000000006247,0.29625862514717693,0.17305925789552634,0.9767441860465116,1.0,1.023809523809524,0.06976744186046512,0.665,0.5952325581395349
5,0.20399999999999996,0.631578947368421,0.8,0.99,0.99,203,275,478,473,0.7654436876469721,0.8945054266574347,0.6064889412160457,0.90799999999946,0.7039999999975276,0.288016485441389,0.12906173901046258,0.9795918367346939,1.0,1.0208333333333333,0.05714285714285714,0.6388888888888888,0.5817460317460317
6,0.20399999999999996,0.631578947368421,0.8,0.99,0.99,200,271,471,469,0.754797588732443,0.863102369244524,0.6553239770624854,0.9079999999995513,0.7039999999996771,0.20777839218203864,0.10830478051208103,0.9861111111111112,1.0,1.0140845070422535,0.08,0.6318181818181818,0.5518181818181819
7,0.20399999999999996,0.631578947368421,0.8,0.99,0.99,185,317,502,498,0.7399219658832371,0.8781575536460083,0.6153993809892268,0.9080000000005176,0.704000000000864,0.2627581726567816,0.13823558776277123,0.9743589743589743,1.0,1.0263157894736843,0.058823529411764705,0.6036036036036037,0.5447800741918389
8,0.20399999999999996,0.631578947368421,0.8,0.99,0.99,180,292,472,471,0.756460516668823,0.8892827253482991,0.625427084331194,0.9080000000003132,0.7040000000014639,0.2638556410171051,0.13282220867947614,0.9954545454545455,1.0,1.004566210045662,0.034482758620689655,0.5954545454545455,0.5609717868338558
9,0.20399999999999996,0.631578947368421,0.8,0.99,0.99,203,279,482,476,0.7392057815368616,0.8483358397537387,0.6224799944193649,0.9079999999997266,0.7039999999977434,0.22585584533437386,0.10913005821687716,0.9354838709677419,1.0,1.0689655172413794,0.16129032258064516,0.6153846153846154,0.4540942928039703
10,0.20399999999999996,0.631578947368421,0.8,0.99,0.99,185,284,469,464,0.7517280756496264,0.8692813595122655,0.665972144992575,0.9079999999992925,0.704000000001298,0.20330921451969053,0.11755328386263908,0.9813953488372092,1.0,1.018957345971564,0.03125,0.5302325581395348,0.49898255813953485
11,0.20399999999999996,0.631578947368421,0.8,0.99,0.99,194,288,482,476,0.7450467468242934,0.8807492726512265,0.6107249495889561,0.9079999999992758,0.7039999999977746,0.2700243230622704,0.1357025258269331,0.9555555555555556,1.0,1.0465116279069766,0.1,0.647887323943662,0.547887323943662
12,0.20399999999999996,0.631578947368421,0.8,0.99,0.99,194,258,452,448,0.7451940438242571,0.8656346663847664,0.6282520607205496,0.9079999999992828,0.7039999999996346,0.23738260566421676,0.12044062256050925,0.9850746268656716,1.0,1.0151515151515151,0.15384615384615385,0.6272727272727273,0.47342657342657346
13,0.20399999999999996,0.631578947368421,0.8,0.99,0.99,197,254,451,448,0.7415065100939392,0.8901400471356056,0.603575950166101,0.9079999999998561,0.7040000000006381,0.2865640969695046,0.14863353704166637,0.9555555555555556,1.0,1.0465116279069766,0.0,0.675,0.675
14,0.20399999999999996,0.631578947368421,0.8,0.99,0.99,197,276,473,470,0.74072523176156,0.885650833937636,0.6125099759236532,0.9079999999994776,0.7040000000025332,0.2731408580139828,0.14492560217607597,0.9714285714285714,1.0,1.0294117647058825,0.02857142857142857,0.6280193236714976,0.599447895100069
15,0.20399999999999996,0.631578947368421,0.8,0.99,0.99,200,284,484,477,0.7508336401298279,0.8716629414394278,0.6302048239273075,0.9080000000000417,0.7039999999961819,0.24145811751212032,0.1208293013095999,0.9565217391304348,1.0,1.0454545454545454,0.21739130434782608,0.6330275229357798,0.41563621858795374
16,0.20399999999999996,0.631578947368421,0.8,0.99,0.99,191,306,497,490,0.7308064884150263,0.9049735888816884,0.5937545047739102,0.9079999999993597,0.7040000000030804,0.3112190841077782,0.17416710046666217,0.9745762711864406,1.0,1.0260869565217392,0.04081632653061224,0.6228813559322034,0.5820650294015911
17,0.20399999999999996,0.631578947368421,0.8,0.99,0.99,216,252,468,464,0.7712112530548284,0.8711457968549369,0.6103447023355489,0.9079999999996365,0.7039999999996016,0.26080109451938793,0.09993454380010847,0.9782608695652174,1.0,1.0222222222222221,0.038461538461538464,0.6554621848739496,0.6170006464124111
18,0.20399999999999996,0.631578947368421,0.8,0.99,0.99,209,285,494,487,0.7377474626032201,0.8753489730528379,0.6121274375529903,0.9080000000007684,0.7039999999963901,0.2632215354998476,0.13760151044961777,0.9629629629629629,0.9954954954954955,1.033783783783784,0.058823529411764705,0.6486486486486487,0.589825119236884
19,0.20399999999999996,0.631578947368421,0.8,0.99,0.99,191,278,469,467,0.7267256920970062,0.8505522324737871,0.6341748278079713,0.9080000000004745,0.7040000000001249,0.2163774046658158,0.12382654037678087,0.9893048128342246,1.0,1.010810810810811,0.045454545454545456,0.5935828877005348,0.5481283422459894
20,0.20399999999999996,0.631578947368421,0.8,0.99,0.99,203,313,516,509,0.7439822605312965,0.8921592407530727,0.6082155556758904,0.9079999999998685,0.7039999999998072,0.2839436850771824,0.14817698022177628,0.9361702127659575,1.0,1.0681818181818181,0.02564102564102564,0.6391304347826087,0.613489409141583
21,0.20399999999999996,0.631578947368421,0.8,0.99,0.99,201,274,475,470,0.7797864692311819,0.9070145693713899,0.6473554909881181,0.9079999999989321,0.7040000000003194,0.25965907838327185,0.12722810014020802,0.975,1.0,1.0256410256410258,0.041666666666666664,0.6491935483870968,0.6075268817204301
22,0.20399999999999996,0.631578947368421,0.8,0.99,0.99,200,294,494,483,0.7625421683985489,0.861665176575771,0.6387653521511263,0.9080000000008167,0.7040000000022852,0.22289982442464473,0.09912300817722208,0.9545454545454546,1.0,1.0476190476190477,0.045454545454545456,0.591304347826087,0.5458498023715416
23,0.20399999999999996,0.631578947368421,0.8,0.99,0.99,224,265,489,483,0.7633879643743464,0.8846043670518365,0.5669637582959797,0.9080000000010597,0.7039999999961276,0.31764060875585687,0.12121640267749012,0.9752066115702479,1.0,1.0254237288135593,0.034482758620689655,0.6735537190082644,0.6390709603875748
24,0.20399999999999996,0.631578947368421,0.8,0.99,0.99,202,270,472,466,0.7338530210894035,0.8855494274259641,0.5895947631988241,0.9080000000011439,0.7039999999969038,0.29595466422714,0.15169640633656056,0.9817351598173516,1.0,1.0186046511627906,0.06666666666666667,0.6575342465753424,0.5908675799086758
25,0.20399999999999996,0.631578947368421,0.8,0.99,0.99,223,272,495,489,0.7506725337827295,0.8855064185918392,0.6219467463659828,0.9079999999989918,0.7039999999971306,0.2635596722258564,0.13483388480910974,0.9793388429752066,1.0,1.021097046413502,0.11428571428571428,0.6611570247933884,0.5468713105076741
26,0.20399999999999996,0.631578947368421,0.8,0.99,0.99,206,273,479,475,0.7396154313655664,0.846753382391979,0.6310539429763089,0.9080000000002899,0.7040000000022639,0.21569943941567005,0.10713795102641255,0.9759036144578314,1.0,1.0246913580246912,0.08695652173913043,0.655,0.5680434782608696
27,0.20399999999999996,0.631578947368421,0.8,0.99,0.99,200,283,483,479,0.7697476747808288,0.8726665176575771,0.6547338996230204,0.9080000000002156,0.7040000000026022,0.21793261803455666,0.10291884287674824,0.9565217391304348,1.0,1.0454545454545454,0.0,0.5672268907563025,0.5672268907563025
28,0.20399999999999996,0.631578947368421,0.8,0.99,0.99,203,319,522,513,0.741838480237688,0.8554449594489111,0.6453610047924788,0.9080000000004,0.7039999999974939,0.21008395465643226,0.11360647921122313,0.9669421487603306,1.0,1.0341880341880343,0.034482758620689655,0.5478260869565217,0.5133433283358321
29,0.20399999999999996,0.631578947368421,0.8,0.99,0.99,188,272,460,455,0.746458182138066,0.8970298856229246,0.5730777068333107,0.9079999999987208,0.7040000000031587,0.3239521787896139,0.1505717034848586,0.9705882352941176,1.0,1.0303030303030303,0.029411764705882353,0.6431924882629108,0.6137807235570284
0,0.20399999999999996,0.631578947368421,0.8,0.99,0.458,190,297,487,330,0.7792986889906808,0.901646639964397,0.6397007457755121,0.9079999999999299,0.7040000000023171,0.2619458941888849,0.1223479509737162,0.44,0.7725321888412017,1.7557549746390948,0.0,0.5879828326180258,0.5879828326180258
1,0.20399999999999996,0.631578947368421,0.8,0.99,0.458,197,264,461,315,0.7472665478145557,0.897955946337926,0.5646989917583567,0.9080000000013018,0.7040000000007919,0.3332569545795693,0.15068939852337027,0.5161290322580645,0.8411214953271028,1.6296728971962617,0.03225806451612903,0.7149532710280374,0.6826952065119084
2,0.20399999999999996,0.631578947368421,0.8,0.99,0.458,209,282,491,334,0.7630619391597574,0.8747390755328013,0.603508252291389,0.9079999999991359,0.7040000000032833,0.27123082324141223,0.11167713637304388,0.4523809523809524,0.8008658008658008,1.770334928229665,0.038461538461538464,0.6363636363636364,0.5979020979020979
3,0.20399999999999996,0.631578947368421,0.8,0.99,0.458,189,259,448,297,0.7490887380593263,0.8927206311547948,0.5673034309397946,0.907999999999561,0.7039999999977746,0.3254172002150002,0.14363189309546853,0.48936170212765956,0.7767441860465116,1.5872598584428717,0.0,0.6325581395348837,0.6325581395348837
4,0.20399999999999996,0.631578947368421,0.8,0.99,0.458,198,290,488,343,0.7200697709628309,0.8905152462544156,0.5882899956635562,0.9080000000001648,0.7040000000006247,0.30222525059085936,0.1704454752915847,0.42857142857142855,0.8443396226415094,1.970125786163522,0.02857142857142857,0.6698113207547169,0.6412398921832884
5,0.20399999999999996,0.631578947368421,0.8,0.99,0.458,203,275,478,327,0.7657427045222032,0.8945054266574347,0.5831418720040367,0.90799999999946,0.7039999999975276,0.31136355465339804,0.12876272213523154,0.4117647058823529,0.8192771084337349,1.9896729776247848,0.029411764705882353,0.6465863453815262,0.6171745806756438
6,0.20399999999999996,0.631578947368421,0.8,0.99,0.458,200,271,471,335,0.7414939318737,0.863102369244524,0.6161169090915286,0.9079999999995513,0.7039999999996771,0.24698546015299538,0.12160843737082394,0.43478260869565216,0.8421052631578947,1.936842105263158,0.0,0.6411483253588517,0.6411483253588517
7,0.20399999999999996,0.631578947368421,0.8,0.99,0.458,185,317,502,327,0.7264008565222314,0.8781575536460083,0.5885884768763765,0.9080000000005176,0.704000000000864,0.28956907676963184,0.15175669712377693,0.48717948717948717,0.782608695652174,1.6064073226544624,0.05128205128205128,0.6086956521739131,0.5574136008918618
8,0.20399999999999996,0.631578947368421,0.8,0.99,0.458,180,292,472,314,0.7548852805451332,0.8892827253482991,0.6264217517642174,0.9080000000003132,0.7040000000014639,0.26286097358408167,0.13439744480316596,0.42105263157894735,0.7727272727272727,1.8352272727272727,0.0,0.5863636363636363,0.5863636363636363
9,0.20399999999999996,0.631578947368421,0.8,0.99,0.458,203,279,482,325,0.7399263512007727,0.8483358397537387,0.5912018628691772,0.9079999999997266,0.7039999999977434,0.2571339768845615,0.10840948855296606,0.4117647058823529,0.7592592592592593,1.8439153439153442,0.14705882352941177,0.6342592592592593,0.4872004357298475
10,0.20399999999999996,0.631578947368421,0.8,0.99,0.458,185,284,469,315,0.7507432350442906,0.8692813595122655,0.6250564230716393,0.9079999999992925,0.704000000001298,0.24422493644062615,0.11853812446797485,0.4722222222222222,0.7616822429906542,1.612974161627268,0.03225806451612903,0.5841121495327103,0.5518540850165813
11,0.20399999999999996,0.631578947368421,0.8,0.99,0.458,194,288,482,318,0.7447771964640086,0.8807492726512265,0.5858102605863192,0.9079999999992758,0.7039999999977746,0.29493901206490725,0.13597207618721785,0.4230769230769231,0.8099547511312217,1.914438502673797,0.0,0.6334841628959276,0.6334841628959276
12,0.20399999999999996,0.631578947368421,0.8,0.99,0.458,194,258,452,314,0.740604311094269,0.8656346663847664,0.6105673963236106,0.9079999999992828,0.7039999999996346,0.2550672700611558,0.12503035529049733,0.3939393939393939,0.8177570093457944,2.0758447160316322,0.12121212121212122,0.6355140186915887,0.5143018974794675
13,0.20399999999999996,0.631578947368421,0.8,0.99,0.458,197,254,451,312,0.7392847493429617,0.8901400471356056,0.5349587542968032,0.9079999999998561,0.7040000000006381,0.3551812928388024,0.15085529779264384,0.46153846153846156,0.824390243902439,1.7861788617886176,0.0,0.6926829268292682,0.6926829268292682
14,0.20399999999999996,0.631578947368421,0.8,0.99,0.458,197,276,473,322,0.7384872741051399,0.885650833937636,0.5801209182544312,0.9079999999994776,0.7040000000025332,0.30552991568320476,0.14716355983249607,0.39473684210526316,0.8248847926267281,2.0897081413210445,0.05263157894736842,0.663594470046083,0.6109628910987146
15,0.20399999999999996,0.631578947368421,0.8,0.99,0.458,200,284,484,312,0.7402375239618642,0.8716629414394278,0.5821781595284666,0.9080000000000417,0.7039999999961819,0.28948478191096116,0.13142541747756364,0.4745762711864407,0.8056872037914692,1.6976980365605958,0.047619047619047616,0.6729857819905213,0.6253667343714737
16,0.20399999999999996,0.631578947368421,0.8,0.99,0.458,191,306,497,316,0.7295691675828165,0.9049735888816884,0.5741926678382914,0.9079999999993597,0.7040000000030804,0.33078092104339707,0.1754044212988719,0.36363636363636365,0.7682403433476395,2.1126609442060085,0.0,0.6351931330472103,0.6351931330472103
17,0.20399999999999996,0.631578947368421,0.8,0.99,0.458,216,252,468,334,0.7692503027698558,0.8711457968549369,0.5797955032508808,0.9079999999996365,0.7039999999996016,0.29135029360405607,0.10189549408508103,0.48,0.8240343347639485,1.7167381974248928,0.04,0.6609442060085837,0.6209442060085837
18,0.20399999999999996,0.631578947368421,0.8,0.99,0.458,209,285,494,354,0.7306952602615848,0.8753489730528379,0.5987950825017936,0.9080000000007684,0.7039999999963901,0.2765538905510443,0.14465371279125305,0.5675675675675675,0.8348214285714286,1.4708758503401362,0.02702702702702703,0.6607142857142857,0.6336872586872586
19,0.20399999999999996,0.631578947368421,0.8,0.99,0.458,191,278,469,318,0.7150907050115278,0.8505522324737871,0.6228036561024455,0.9080000000004745,0.7040000000001249,0.2277485763713416,0.13546152746225926,0.4230769230769231,0.8138297872340425,1.9235976789168279,0.1111111111111111,0.6063829787234043,0.4952718676122932
20,0.20399999999999996,0.631578947368421,0.8,0.99,0.458,203,313,516,352,0.7386565863225306,0.8921592407530727,0.5642512469690679,0.9079999999998685,0.7039999999998072,0.3279079937840048,0.15350265443054212,0.42857142857142855,0.8454935622317596,1.9728183118741058,0.023809523809523808,0.648068669527897,0.6242591457183732
21,0.20399999999999996,0.631578947368421,0.8,0.99,0.458,201,274,475,330,0.7673330114276516,0.9070145693713899,0.6338958799450615,0.9079999999989321,0.7040000000003194,0.27311868942632844,0.13968155794373827,0.5,0.8106995884773662,1.6213991769547325,0.05405405405405406,0.6460905349794238,0.5920364809253698
22,0.20399999999999996,0.631578947368421,0.8,0.99,0.458,200,294,494,324,0.770198636858983,0.861665176575771,0.6178540478253831,0.9080000000008167,0.7040000000022852,0.2438111287503879,0.09146653971678798,0.3333333333333333,0.7400881057268722,2.2202643171806167,0.0,0.6035242290748899,0.6035242290748899
23,0.20399999999999996,0.631578947368421,0.8,0.99,0.458,224,265,489,356,0.7562179026887207,0.8846043670518365,0.5715017894992878,0.9080000000010597,0.7039999999961276,0.3131025775525488,0.12838646436311585,0.5161290322580645,0.8319672131147541,1.611936475409836,0.06451612903225806,0.6885245901639344,0.6240084611316763
24,0.20399999999999996,0.631578947368421,0.8,0.99,0.458,202,270,472,320,0.7336718851080346,0.8855494274259641,0.5882240339093131,0.9080000000011439,0.7039999999969038,0.297325393516651,0.1518775423179295,0.3333333333333333,0.8073394495412844,2.4220183486238533,0.05128205128205128,0.6788990825688074,0.627617031286756
25,0.20399999999999996,0.631578947368421,0.8,0.99,0.458,223,272,495,348,0.7394719595543489,0.8855064185918392,0.5512345469365576,0.9079999999989918,0.7039999999971306,0.3342718716552816,0.14603445903749035,0.5151515151515151,0.8240343347639485,1.599596061600606,0.14285714285714285,0.6909871244635193,0.5481299816063765
26,0.20399999999999996,0.631578947368421,0.8,0.99,0.458,206,273,479,323,0.7405729078924641,0.846753382391979,0.6189799110316669,0.9080000000002899,0.7040000000022639,0.227773471360312,0.10618047449951484,0.5217391304347826,0.7813953488372093,1.4976744186046511,0.043478260869565216,0.6372093023255814,0.5937310414560162
27,0.20399999999999996,0.631578947368421,0.8,0.99,0.458,200,283,483,339,0.7655920540972386,0.8726665176575771,0.6427059854129551,0.9080000000002156,0.7040000000026022,0.22996053224462198,0.10707446356033845,0.43478260869565216,0.788135593220339,1.8127118644067797,0.07692307692307693,0.5677966101694916,0.49087353324641464
28,0.20399999999999996,0.631578947368421,0.8,0.99,0.458,203,319,522,336,0.730397246981383,0.8554449594489111,0.6036939681073705,0.9080000000004,0.7039999999974939,0.25175099134154055,0.1250477124675281,0.5,0.7579908675799086,1.5159817351598173,0.03333333333333333,0.593607305936073,0.5602739726027397
29,0.20399999999999996,0.631578947368421,0.8,0.99,0.458,188,272,460,319,0.7538760968529392,0.8970298856229246,0.5620075397364488,0.9079999999987208,0.7040000000031587,0.33502234588647584,0.1431537887699854,0.5,0.8468468468468469,1.6936936936936937,0.034482758620689655,0.6711711711711712,0.6366884125504816
