rep,delta_target,window,n_pos,share_A,auc
0,0.0,1,311,0.617363344051447,0.8459737502003976
0,0.0,2,328,0.5853658536585366,0.8519729614081348
0,0.0,3,348,0.5517241379310345,0.8523712054934715
0,0.0,5,384,0.5,0.8632844211722682
0,0.0,8,412,0.470873786407767,0.8609349154980223
0,0.0,12,462,0.4199134199134199,0.8726571318976383
1,0.0,1,326,0.6533742331288344,0.8606713882584068
1,0.0,2,336,0.6339285714285714,0.8525050429500691
1,0.0,3,350,0.6085714285714285,0.856168115545212
1,0.0,5,379,0.5646437994722955,0.8603621622037432
1,0.0,8,421,0.5106888361045131,0.8695365814576029
1,0.0,12,478,0.45188284518828453,0.8675227092637563
2,0.0,1,313,0.6134185303514377,0.8651017129654699
2,0.0,2,323,0.5944272445820433,0.8701521040622593
2,0.0,3,332,0.5783132530120482,0.8697850785565062
2,0.0,5,354,0.5423728813559322,0.8680005750072555
2,0.0,8,385,0.4987012987012987,0.8698286119338751
2,0.0,12,428,0.4485981308411215,0.8742469634309161
3,0.0,1,325,0.5938461538461538,0.8651078088578088
3,0.0,2,335,0.5791044776119403,0.861852961642785
3,0.0,3,351,0.5527065527065527,0.8593950171131379
3,0.0,5,377,0.5145888594164456,0.8685612011022121
3,0.0,8,414,0.46859903381642515,0.8644107259271996
3,0.0,12,471,0.4118895966029724,0.8783080953707725
4,0.0,1,338,0.5443786982248521,0.8499299469175233
4,0.0,2,348,0.5287356321839081,0.8532543206615936
4,0.0,3,358,0.5139664804469274,0.8519351536111314
4,0.0,5,376,0.48936170212765956,0.8603562100612179
4,0.0,8,410,0.45121951219512196,0.8581563526538079
4,0.0,12,467,0.39828693790149894,0.8710768595310819
5,0.0,1,303,0.6105610561056105,0.8608030906183401
5,0.0,2,315,0.5873015873015873,0.8587750400191494
5,0.0,3,326,0.5705521472392638,0.865492759224977
5,0.0,5,353,0.5269121813031161,0.8653181123683481
5,0.0,8,391,0.47570332480818417,0.8780753663189108
5,0.0,12,461,0.4078091106290672,0.8828227230013963
6,0.0,1,301,0.6445182724252492,0.8640611196137719
6,0.0,2,310,0.6258064516129033,0.8510290125422753
6,0.0,3,319,0.6081504702194357,0.8606702958075431
6,0.0,5,340,0.5705882352941176,0.8601405369014558
6,0.0,8,376,0.5186170212765957,0.8601626456894504
6,0.0,12,427,0.45901639344262296,0.8712526361168398
7,0.0,1,313,0.6900958466453674,0.890057640355469
7,0.0,2,327,0.6605504587155964,0.8813499137643666
7,0.0,3,334,0.6497005988023952,0.8760125967750662
7,0.0,5,351,0.6182336182336182,0.873148353014125
7,0.0,8,384,0.5677083333333334,0.8731302768306543
7,0.0,12,421,0.517814726840855,0.866993976925687
8,0.0,1,320,0.628125,0.845351617855456
8,0.0,2,332,0.6054216867469879,0.8436553816214979
8,0.0,3,348,0.5775862068965517,0.8475264521879797
8,0.0,5,369,0.5447154471544715,0.8476330507985931
8,0.0,8,413,0.4915254237288136,0.8408349204222454
8,0.0,12,468,0.4358974358974359,0.8480247251196972
9,0.0,1,308,0.6396103896103896,0.860093757815693
9,0.0,2,315,0.6285714285714286,0.8644270903460347
9,0.0,3,327,0.6055045871559633,0.8587460324361929
9,0.0,5,360,0.55,0.862962071363612
9,0.0,8,398,0.49748743718592964,0.8634479410293252
9,0.0,12,446,0.4439461883408072,0.8781613674089456
10,0.0,1,318,0.6352201257861635,0.8443373966003901
10,0.0,2,324,0.6234567901234568,0.8455460903402219
10,0.0,3,329,0.6139817629179332,0.8469472208924752
10,0.0,5,356,0.5702247191011236,0.8483429530962318
10,0.0,8,402,0.5049751243781094,0.8518745339640863
10,0.0,12,454,0.44713656387665196,0.8637704630326943
11,0.0,1,302,0.6622516556291391,0.8665462102765327
11,0.0,2,313,0.6389776357827476,0.8606177385486424
11,0.0,3,323,0.6191950464396285,0.8677634874096032
11,0.0,5,345,0.5797101449275363,0.8687588328206833
11,0.0,8,387,0.5193798449612403,0.872807714123653
11,0.0,12,439,0.45785876993166286,0.8804704476686251
12,0.0,1,308,0.6233766233766234,0.8691538616385963
12,0.0,2,325,0.5907692307692308,0.8630244755244756
12,0.0,3,340,0.5647058823529412,0.8634337569076271
12,0.0,5,361,0.5318559556786704,0.8683343207425318
12,0.0,8,399,0.48120300751879697,0.8722321013524981
12,0.0,12,448,0.42857142857142855,0.8759494182288301
13,0.0,1,309,0.6116504854368932,0.8577679027666254
13,0.0,2,322,0.5869565217391305,0.8626037032142491
13,0.0,3,332,0.572289156626506,0.8635721031393986
13,0.0,5,354,0.536723163841808,0.8640487562755803
13,0.0,8,399,0.47619047619047616,0.8752560990306973
13,0.0,12,443,0.4288939051918736,0.8804698519939048
14,0.0,1,314,0.6178343949044586,0.8700312920965705
14,0.0,2,330,0.5878787878787879,0.8628151472005292
14,0.0,3,342,0.5672514619883041,0.8738949601529681
14,0.0,5,371,0.522911051212938,0.8770532012326383
14,0.0,8,406,0.47783251231527096,0.8827350937318847
14,0.0,12,464,0.4202586206896552,0.8838194942062675
0,0.1,1,307,0.6254071661237784,0.810723188206328
0,0.1,2,321,0.5981308411214953,0.8099394025051676
0,0.1,3,338,0.5680473372781065,0.8178168809605025
0,0.1,5,369,0.5203252032520326,0.8134641694579423
0,0.1,8,394,0.49238578680203043,0.8157022493546118
0,0.1,12,455,0.42637362637362636,0.8083166077111588
1,0.1,1,340,0.6264705882352941,0.8208378916659654
1,0.1,2,351,0.6068376068376068,0.8196455545448833
1,0.1,3,363,0.5867768595041323,0.8204372116005323
1,0.1,5,396,0.5404040404040404,0.810126002801162
1,0.1,8,436,0.49311926605504586,0.815829470585808
1,0.1,12,495,0.43636363636363634,0.8165433948132198
2,0.1,1,316,0.6075949367088608,0.8204647318258046
2,0.1,2,325,0.5907692307692308,0.8174562937062937
2,0.1,3,335,0.573134328358209,0.8107715466435661
2,0.1,5,354,0.5423728813559322,0.8075380196424649
2,0.1,8,395,0.4860759493670886,0.8015608921509069
2,0.1,12,448,0.42857142857142855,0.7937136393018746
3,0.1,1,336,0.5744047619047619,0.8282861335871807
3,0.1,2,350,0.5542857142857143,0.8262605243343144
3,0.1,3,366,0.5300546448087432,0.8120097204961569
3,0.1,5,389,0.4987146529562982,0.8115711359254498
3,0.1,8,429,0.4522144522144522,0.8112259586363173
3,0.1,12,478,0.40585774058577406,0.7985939799359675
4,0.1,1,327,0.5626911314984709,0.8071974143803354
4,0.1,2,337,0.5459940652818991,0.81366398191324
4,0.1,3,348,0.5287356321839081,0.8054079111712693
4,0.1,5,365,0.5041095890410959,0.8159544084201619
4,0.1,8,404,0.45792079207920794,0.802420945488548
4,0.1,12,465,0.4,0.8145215817138868
5,0.1,1,316,0.5854430379746836,0.8181237653602611
5,0.1,2,330,0.5606060606060606,0.8174785347542822
5,0.1,3,341,0.5454545454545454,0.8162804168252334
5,0.1,5,362,0.5138121546961326,0.8186540637688878
5,0.1,8,403,0.46153846153846156,0.8188671004828584
5,0.1,12,478,0.39330543933054396,0.8065360817255837
6,0.1,1,319,0.6081504702194357,0.8148827337554504
6,0.1,2,328,0.5914634146341463,0.817616718130197
6,0.1,3,342,0.5672514619883041,0.8120336641125487
6,0.1,5,361,0.5373961218836565,0.8087508473038393
6,0.1,8,398,0.4899497487437186,0.8147715034219652
6,0.1,12,451,0.43458980044345896,0.8164513010139715
7,0.1,1,321,0.6728971962616822,0.8433342755684329
7,0.1,2,334,0.6467065868263473,0.8282393842842133
7,0.1,3,342,0.6345029239766082,0.8267526413487976
7,0.1,5,362,0.5994475138121547,0.8223710310856687
7,0.1,8,397,0.5491183879093199,0.8134612535190398
7,0.1,12,449,0.48552338530066813,0.8039349683849197
8,0.1,1,333,0.6036036036036037,0.8004958380433664
8,0.1,2,344,0.5843023255813954,0.7971324681385349
8,0.1,3,361,0.556786703601108,0.7967751749315484
8,0.1,5,389,0.5167095115681234,0.7877520485218509
8,0.1,8,441,0.4603174603174603,0.7778516216105681
8,0.1,12,501,0.40718562874251496,0.7822918213160457
9,0.1,1,317,0.6214511041009464,0.8177147193619426
9,0.1,2,325,0.6092307692307692,0.8196241258741258
9,0.1,3,339,0.584070796460177,0.8120811785912135
9,0.1,5,374,0.5294117647058824,0.809990642359266
9,0.1,8,412,0.48058252427184467,0.8151360421910583
9,0.1,12,473,0.4186046511627907,0.8083139211946108
10,0.1,1,325,0.6215384615384615,0.7879967948717949
10,0.1,2,332,0.608433734939759,0.7925979452250809
10,0.1,3,340,0.5941176470588235,0.7858747790961877
10,0.1,5,368,0.5516304347826086,0.7962442473784858
10,0.1,8,414,0.49033816425120774,0.7839949278944315
10,0.1,12,471,0.4309978768577495,0.7974397021121269
11,0.1,1,307,0.6514657980456026,0.849174962915386
11,0.1,2,317,0.6309148264984227,0.8443634307481698
11,0.1,3,330,0.6060606060606061,0.841892105679481
11,0.1,5,354,0.5649717514124294,0.8329142832344699
11,0.1,8,397,0.5062972292191436,0.8382044253469649
11,0.1,12,449,0.44766146993318484,0.8292023858070473
12,0.1,1,317,0.6056782334384858,0.820759181001131
12,0.1,2,333,0.5765765765765766,0.8202979595565146
12,0.1,3,346,0.5549132947976878,0.819937082403806
12,0.1,5,366,0.5245901639344263,0.8129859918257065
12,0.1,8,407,0.47174447174447176,0.8248568765810144
12,0.1,12,460,0.41739130434782606,0.8206989069956676
13,0.1,1,308,0.6136363636363636,0.827116870916777
13,0.1,2,323,0.5851393188854489,0.8199223223621969
13,0.1,3,335,0.5671641791044776,0.8223965803712172
13,0.1,5,359,0.5292479108635098,0.817414698620111
13,0.1,8,406,0.46798029556650245,0.8184240333937274
13,0.1,12,457,0.41575492341356673,0.8200417744181421
14,0.1,1,320,0.60625,0.8336915446386396
14,0.1,2,333,0.5825825825825826,0.8354200207812374
14,0.1,3,348,0.5574712643678161,0.8384119333344338
14,0.1,5,378,0.5132275132275133,0.8340592726216814
14,0.1,8,413,0.46973365617433416,0.8326809520619394
14,0.1,12,481,0.40540540540540543,0.832386303245199
0,0.20399999999999996,1,314,0.6114649681528662,0.7777376084197641
0,0.20399999999999996,2,328,0.5853658536585366,0.7748788583191664
0,0.20399999999999996,3,348,0.5517241379310345,0.7713460766026752
0,0.20399999999999996,5,378,0.5079365079365079,0.7663156461116636
0,0.20399999999999996,8,405,0.47901234567901235,0.7670372800622144
0,0.20399999999999996,12,470,0.4127659574468085,0.7485348678730976
1,0.20399999999999996,1,344,0.6191860465116279,0.7920754675051945
1,0.20399999999999996,2,355,0.6,0.7735181502076822
1,0.20399999999999996,3,367,0.5803814713896458,0.7820558385657308
1,0.20399999999999996,5,406,0.5270935960591133,0.7651439631524183
1,0.20399999999999996,8,450,0.4777777777777778,0.7662360901414751
1,0.20399999999999996,12,512,0.421875,0.7455073051948052
2,0.20399999999999996,1,338,0.5680473372781065,0.7658070481576179
2,0.20399999999999996,2,349,0.5501432664756447,0.7606352029333948
2,0.20399999999999996,3,361,0.5318559556786704,0.7603664622462759
2,0.20399999999999996,5,387,0.49612403100775193,0.7454629104430579
2,0.20399999999999996,8,427,0.4496487119437939,0.7405478462488494
2,0.20399999999999996,12,490,0.39183673469387753,0.7259509659025397
3,0.20399999999999996,1,339,0.5693215339233039,0.7856674849765615
3,0.20399999999999996,2,348,0.5574712643678161,0.7845515370605745
3,0.20399999999999996,3,366,0.5300546448087432,0.7696461412216057
3,0.20399999999999996,5,387,0.5012919896640827,0.771445137707191
3,0.20399999999999996,8,430,0.4511627906976744,0.7587942202291978
3,0.20399999999999996,12,483,0.40165631469979296,0.7400141134287368
4,0.20399999999999996,1,337,0.5459940652818991,0.7772106824925816
4,0.20399999999999996,2,350,0.5257142857142857,0.7699650900130057
4,0.20399999999999996,3,363,0.5068870523415978,0.7544689465001554
4,0.20399999999999996,5,387,0.4754521963824289,0.7610739270183399
4,0.20399999999999996,8,429,0.43123543123543123,0.7451069846488174
4,0.20399999999999996,12,490,0.3795918367346939,0.7508883368447532
5,0.20399999999999996,1,315,0.5873015873015873,0.8016022620169652
5,0.20399999999999996,2,328,0.5640243902439024,0.7850588072025813
5,0.20399999999999996,3,339,0.5486725663716814,0.7906082770218019
5,0.20399999999999996,5,361,0.5152354570637119,0.7814022811821156
5,0.20399999999999996,8,403,0.46153846153846156,0.7749328414472576
5,0.20399999999999996,12,479,0.3924843423799583,0.7556643586293371
6,0.20399999999999996,1,327,0.5932721712538226,0.7713639723466239
6,0.20399999999999996,2,336,0.5773809523809523,0.7684379320504975
6,0.20399999999999996,3,349,0.5558739255014327,0.7761625992161512
6,0.20399999999999996,5,368,0.5271739130434783,0.7633781284804674
6,0.20399999999999996,8,407,0.47911547911547914,0.7577928129652267
6,0.20399999999999996,12,462,0.42424242424242425,0.7612274645186037
7,0.20399999999999996,1,339,0.6371681415929203,0.7838635475280573
7,0.20399999999999996,2,356,0.6067415730337079,0.7736962026683368
7,0.20399999999999996,3,365,0.5945205479452055,0.7733326281271486
7,0.20399999999999996,5,393,0.5521628498727735,0.7536263276616723
7,0.20399999999999996,8,429,0.5081585081585082,0.7464675099137251
7,0.20399999999999996,12,486,0.448559670781893,0.7451776339241456
8,0.20399999999999996,1,348,0.5775862068965517,0.7706472876534447
8,0.20399999999999996,2,360,0.5583333333333333,0.7611525704809288
8,0.20399999999999996,3,380,0.5289473684210526,0.7551825601924109
8,0.20399999999999996,5,416,0.4831730769230769,0.7397601625242645
8,0.20399999999999996,8,473,0.42917547568710357,0.7297625762670994
8,0.20399999999999996,12,534,0.38202247191011235,0.7175817406381803
9,0.20399999999999996,1,322,0.6118012422360248,0.7907683949312071
9,0.20399999999999996,2,331,0.5981873111782477,0.7906427614383305
9,0.20399999999999996,3,346,0.5722543352601156,0.7761933195666537
9,0.20399999999999996,5,380,0.5210526315789473,0.7719993347491237
9,0.20399999999999996,8,413,0.4794188861985472,0.7712079740451148
9,0.20399999999999996,12,474,0.4177215189873418,0.7516180134169907
10,0.20399999999999996,1,348,0.5804597701149425,0.7342139724776195
10,0.20399999999999996,2,357,0.5658263305322129,0.7319785606550312
10,0.20399999999999996,3,366,0.5519125683060109,0.7276440461961039
10,0.20399999999999996,5,396,0.5126262626262627,0.7275944154925047
10,0.20399999999999996,8,445,0.45617977528089887,0.7189939533414557
10,0.20399999999999996,12,504,0.4027777777777778,0.7360331009451548
11,0.20399999999999996,1,306,0.6535947712418301,0.8138405057001684
11,0.20399999999999996,2,318,0.6289308176100629,0.7971215804298338
11,0.20399999999999996,3,333,0.6006006006006006,0.7909044976535472
11,0.20399999999999996,5,361,0.554016620498615,0.7792139689046162
11,0.20399999999999996,8,410,0.4902439024390244,0.7754497214434404
11,0.20399999999999996,12,469,0.42857142857142855,0.7557671139078128
12,0.20399999999999996,1,331,0.5800604229607251,0.7886200554881322
12,0.20399999999999996,2,350,0.5485714285714286,0.7812129509206653
12,0.20399999999999996,3,364,0.5274725274725275,0.7642517877684303
12,0.20399999999999996,5,384,0.5,0.7623599610326351
12,0.20399999999999996,8,423,0.45390070921985815,0.7605355889388935
12,0.20399999999999996,12,480,0.4,0.7454032532788282
13,0.20399999999999996,1,308,0.6136363636363636,0.7922489675660178
13,0.20399999999999996,2,321,0.5887850467289719,0.7802413299648427
13,0.20399999999999996,3,331,0.5740181268882175,0.7824084833148277
13,0.20399999999999996,5,362,0.5248618784530387,0.768103574519071
13,0.20399999999999996,8,414,0.45893719806763283,0.7641291810841984
13,0.20399999999999996,12,464,0.40948275862068967,0.7518110876138211
14,0.20399999999999996,1,327,0.5932721712538226,0.7952838529211415
14,0.20399999999999996,2,341,0.5689149560117303,0.7898930514203846
14,0.20399999999999996,3,355,0.5464788732394367,0.7854514213040006
14,0.20399999999999996,5,387,0.5012919896640827,0.7679094976996282
14,0.20399999999999996,8,425,0.45647058823529413,0.7655619225821542
14,0.20399999999999996,12,496,0.39314516129032256,0.7599113360256602
